{
  "host_type":"cell_free",

  "biophysical_constants":{

    "transcription_saturation_constant":{
      "value":"0.54",
      "units":"mu{M}",
      "bionumbers_reference":""
    },

    "mRNA_half_life_in_hr":{
      "value":"",
      "units":"hr",
      "bionumbers_reference":""
    },

    "protein_half_life_in_hr":{
      "value":"",
      "units":"hr",
      "bionumbers_reference":"BIND:111930"
    },

    "translation_saturation_constant":{
      "value":"325.0",
      "units":"mu{M}",
      "bionumbers_reference":""
    },

    "characteristic_initiation_time_transcription":{
      "value":"",
      "units":"s",
      "bionumbers_reference":""
    },

    "characteristic_initiation_time_translation":{
      "value":"",
      "units":"s",
      "bionumbers_reference":"BIND:109525"
    },

    "cell_doubling_time":{
      "value":"0.0",
      "units":"h",
      "bionumbers_reference":""
    },

    "RNAPII_concentration":{
      "value":"",
      "units":"mu{M}",
      "bionumbers_reference":""
    },

    "ribosome_concentration":{
      "value":"",
      "units":"mu{M}",
      "bionumbers_reference":""
    },

    "translation_elongation_rate":{
      "value":"",
      "units":"aa/s",
      "bionumbers_reference":""
    },

    "transcription_elongation_rate":{
      "value":"",
      "units":"nt/s",
      "bionumbers_reference":""
    },

    "characteristic_transcript_length":{
      "value":"1000",
      "units":"nt",
      "bionumbers_reference":""
    },

    "characteristic_protein_length":{
      "value":"330",
      "units":"aa",
      "bionumbers_reference":""
    }
  }
}
